Compartment,TotalArea,AreaWaterPortion,AreaUplandPortion,AreaMarshPortion,MarshEdgeLength,Runoff_method,bed_elev,bed_depth,bed_bulk_density,percentForETcalc,sand_adaptionCeoff,Runoff_coeff,RainGage,WindGage,ETGage,CurrentsCoeff_ka,bedFricCoeff_cf,NonSandExp_sedn,NonSandCoeff_sedcalib,SandCoeff_alphased,Marsh_Flow_roughness_Kka,Minimum_Marsh_Flow_Depth_Kkdepth,MarshEdgeErosionRate_myr,offshore_TSS_-9999_if_not_used_CSSos,marsh_elev_mean,marsh_elev_stdv,soil_moisture_depth_Esho,depo_on_off,marh_elev_adjust,!,! Notes
1,89413998,0.020604,0.837591,0.141805,1117800,2,-0.00385,0.05,0.835,10,0.25,40,286,196,1,0.023,0.001,0.5,1.00E-09,0.008,0.05,0.05,0,-9999,3.805576,2.629891255,0.2,1,-2.629891255,!,2D compartment
2,125672209,0.004965,0.056217,0.938818,1512900,2,-0.00385,0.05,0.835,10,0.25,40,286,197,1,0.023,0.001,0.5,1.00E-09,0.008,0.05,0.05,0,-9999,0.556062,0.39404797,0.2,1,-0.39404797,!,2D compartment
3,19678816,0.008278,0.035995,0.955726,297000,2,-0.5,0.05,0.835,10,0.25,40,286,197,1,0.023,0.001,0.5,1.00E-09,0.008,0.05,0.05,0,-9999,0.426262,0.162166759,0.2,1,-0.162166759,!,2D compartment
4,20564566,0.005254,0.015412,0.979334,243900,2,-0.5,0.05,0.835,10,0.25,40,286,210,1,0.023,0.001,0.5,1.00E-09,0.008,0.05,0.05,0,-9999,0.575383,0.214022486,0.2,1,-0.214022486,!,2D compartment
5,61585639,0.0038,0.106017,0.890183,247500,2,-0.493383,0.05,0.835,10,0.25,40,261,210,1,0.023,0.001,0.5,1.00E-09,0.008,0.05,0.05,0,-9999,0.33798,0.174001936,0.2,1,-0.174001936,!,2D compartment
6,37491882,0.046959,0.788947,0.164094,858600,2,-0.00385,0.05,0.835,10,0.25,40,261,209,1,0.023,0.001,0.5,1.00E-09,0.008,0.05,0.05,0,-9999,2.495565,2.468827098,0.2,1,-2.468827098,!,2D compartment
7,15010778,0.003177,0.294516,0.702307,214200,2,-0.219645,0.05,0.835,10,0.25,40,261,223,1,0.023,0.001,0.5,1.00E-09,0.008,0.05,0.05,0,-9999,0.43363,0.260687209,0.2,1,-0.260687209,!,2D compartment
8,13390575,0.007722,0.864961,0.127317,304200,2,-0.00385,0.05,0.835,10,0.25,40,261,223,1,0.023,0.001,0.5,1.00E-09,0.008,0.05,0.05,0,-9999,0.958914,0.457932387,0.2,1,-0.457932387,!,2D compartment
9,23882196,0.000226,0.350905,0.648869,56700,2,-0.006528,0.05,0.835,10,0.25,40,261,223,1,0.023,0.001,0.5,1.00E-09,0.008,0.05,0.05,0.01424748,-9999,0.595718,0.420488976,0.2,1,-0.420488976,!,2D compartment
10,24574494,0.005125,0.793433,0.201442,313200,2,-0.00385,0.05,0.835,10,0.25,40,261,223,1,0.023,0.001,0.5,1.00E-09,0.008,0.05,0.05,0,-9999,2.372491,0.943207691,0.2,1,-0.943207691,!,2D compartment
11,28208651,0.081743,0.044749,0.873508,2633400,2,-0.50882,0.05,0.835,10,0.25,40,230,223,1,0.023,0.001,0.5,1.00E-09,0.008,0.05,0.05,0.083592449,-9999,0.820503,0.660959573,0.2,1,-0.660959573,!,2D tributary boundary (Qmult > 0)
12,78208238,0.115363794,0.032929821,0.851706384,9021600,2,-0.5859,0.05,0.835,10,0.25,40,209,237,1,0.023,0.001,0.5,1.00E-09,0.008,0.05,0.05,0.1013187,-9999,0.323164,0.249255287,0.2,1,-0.249255287,!,2D compartment
13,280186121,0.005567,0.909828,0.084606,3248100,2,-0.502471,0.05,0.835,10,0.25,40,106,237,1,0.023,0.001,0.5,1.00E-09,0.008,0.05,0.05,0.004667313,-9999,0.552458,1.595315375,0.2,1,-1.595315375,!,2D compartment
14,59310369,0.017436,0.812875,0.169689,1338300,2,-3.034313,0.05,0.835,10,0.25,40,63,265,1,0.023,0.001,0.5,1.00E-09,0.008,0.05,0.05,0.0482853,-9999,0.192923,0.769362922,0.2,1,-0.769362922,!,2D compartment
15,105055632,0.029518,0.019523,0.950959,3982500,2,-2.86,0.05,0.835,10,0.25,40,274,197,1,0.023,0.001,0.5,1.00E-09,0.008,0.05,0.05,0.07742127,-9999,0.415276,0.48060168,0.2,1,-0.48060168,!,2D compartment
16,20615183,0.002923,0.016097,0.98098,197100,2,-0.775204,0.05,0.835,10,0.25,40,236,210,1,0.023,0.001,0.5,1.00E-09,0.008,0.05,0.05,0,-9999,0.385238,0.140489687,0.2,1,-0.140489687,!,FWOA diversion outfall - Maurepas
17,23400311,0.006233,7.70E-05,0.99369,369000,2,-2.494671,0.05,0.835,10,0.25,40,258,210,1,0.023,0.001,0.5,1.00E-09,0.008,0.05,0.05,0.039294469,-9999,0.368524,0.149118686,0.2,1,-0.149118686,!,2D compartment
18,31196106,0.039214,0.000202,0.960584,1019700,2,-7.55,0.05,0.835,10,0.25,40,236,210,1,0.023,0.001,0.5,1.00E-09,0.008,0.05,0.05,0.091100949,-9999,0.28418,0.390047086,0.2,1,-0.390047086,!,2D compartment
19,26355017,0.000171,0.007307,0.992522,141300,2,-0.5,0.05,0.835,10,0.25,40,236,210,1,0.023,0.001,0.5,1.00E-09,0.008,0.05,0.05,0,-9999,0.23631,0.127611684,0.2,1,-0.127611684,!,FWOA diversion outfall - Maurepas
20,11946312,0.00196,7.50E-05,0.997965,198900,2,-0.5,0.05,0.835,10,0.25,40,236,210,1,0.023,0.001,0.5,1.00E-09,0.008,0.05,0.05,0.070700573,-9999,0.310939,0.089575136,0.2,1,-0.089575136,!,2D compartment
21,14320065,0.006968,0.008286,0.984747,153000,2,-0.353891,0.05,0.835,10,0.25,40,236,210,1,0.023,0.001,0.5,1.00E-09,0.008,0.05,0.05,0,-9999,0.267496,0.118259525,0.2,1,-0.118259525,!,2D compartment
22,9193222,0.008622,0.011758,0.97962,155700,2,-0.361492,0.05,0.835,10,0.25,40,236,210,1,0.023,0.001,0.5,1.00E-09,0.008,0.05,0.05,0.033200256,-9999,0.311978,0.093656047,0.2,1,-0.093656047,!,2D compartment
23,17789618,0.001164,0.010118,0.988719,164700,2,-0.248267,0.05,0.835,10,0.25,40,236,224,1,0.023,0.001,0.5,1.00E-09,0.008,0.05,0.05,0,-9999,0.337573,0.146002294,0.2,1,-0.146002294,!,2D compartment
24,13970240,0.013533,0.000193,0.986274,339300,2,-0.46997,0.05,0.835,10,0.25,40,136,224,1,0.023,0.001,0.5,1.00E-09,0.008,0.05,0.05,0.090164771,-9999,0.366838,0.092804823,0.2,1,-0.092804823,!,2D compartment
25,25127435,0.012253,0.029808,0.957939,558900,2,-0.376629,0.05,0.835,10,0.25,40,236,224,1,0.023,0.001,0.5,1.00E-09,0.008,0.05,0.05,0.00099394,-9999,0.279465,0.138513359,0.2,1,-0.138513359,!,2D compartment
26,43968782,0.033396,0.029465,0.937139,2748600,2,-0.5,0.05,0.835,10,0.25,40,136,224,1,0.023,0.001,0.5,1.00E-09,0.008,0.05,0.05,0.174653576,-9999,0.274756,0.192609696,0.2,1,-0.192609696,!,2D compartment
27,19107711,0.00146,0.059444,0.939096,260100,2,-1,0.05,0.835,10,0.25,40,106,224,1,0.023,0.001,0.5,1.00E-09,0.008,0.05,0.05,0.167427773,-9999,0.273911,0.166643574,0.2,1,-0.166643574,!,2D compartment
28,41202863,0.009614,0.035309,0.955078,1260000,2,-0.230911,0.05,0.835,10,0.25,40,258,210,1,0.023,0.001,0.5,1.00E-09,0.008,0.05,0.05,0.045330308,-9999,0.353834,0.181540563,0.2,1,-0.181540563,!,2D compartment
29,85233104,0.004414,0.098,0.897578,1211400,2,-0.414578,0.05,0.835,10,0.25,40,215,210,1,0.023,0.001,0.5,1.00E-09,0.008,0.05,0.05,0.057461681,-9999,0.515994,0.326946016,0.2,1,-0.326946016,!,2D compartment
30,32882479,0.010636,0.008639,0.980725,737100,2,-1.938208,0.05,0.835,10,0.25,40,97,225,1,0.023,0.001,0.5,1.00E-09,0.008,0.05,0.05,0.098591895,-9999,0.477251,0.176932916,0.2,1,-0.176932916,!,2D compartment
31,19142288,0.006502,0.045294,0.948204,707400,2,-0.42986,0.05,0.835,10,0.25,40,97,225,1,0.023,0.001,0.5,1.00E-09,0.008,0.05,0.05,0.063470823,-9999,0.419997,0.217135469,0.2,1,-0.217135469,!,2D compartment
32,79153215,0.01165,0.021603,0.966747,2459700,2,-0.782858,0.05,0.835,10,0.25,40,97,225,1,0.023,0.001,0.5,1.00E-09,0.008,0.05,0.05,0.041801325,-9999,0.404514,0.15592511,0.2,1,-0.15592511,!,2D compartment
33,239993898,0.994469,1.50E-05,0.005516,1180800,2,-2.745142,0.05,0.835,10,0.25,40,150,224,1,0.023,0.001,0.5,1.00E-09,0.008,0.05,0.05,0.048495984,-9999,0.025982,0.842319524,0.2,1,-0.842319524,!,2D tributary boundary (Qmult > 0)
34,205007320,0.030537,0.004905,0.964558,5228100,2,-5.33,0.05,0.835,10,0.25,40,80,225,1,0.023,0.001,0.5,1.00E-09,0.008,0.05,0.05,0.057158586,-9999,0.440674,0.239811377,0.2,1,-0.239811377,!,2D compartment
35,65793914,0.08960274,0.025109589,0.885287671,2517300,2,-0.382898,0.05,0.835,10,0.25,40,48,239,1,0.023,0.001,0.5,1.00E-09,0.008,0.05,0.05,0.087835462,-9999,0.765753,0.270692681,0.2,1,-0.270692681,!,2D compartment
36,11178431,0.007921,0.016051,0.976028,426600,2,-1,0.05,0.835,10,0.25,40,48,253,1,0.023,0.001,0.5,1.00E-09,0.008,0.05,0.05,0.062883121,-9999,0.637699,0.121428331,0.2,1,-0.121428331,!,2D compartment
37,876906366,0.99379,0.00081,0.0054,2712600,2,-3.394203,0.05,0.835,10,0.25,40,106,238,1,0.023,0.001,0.5,1.00E-09,0.008,0.05,0.05,0.018744843,-9999,0.515073,0.719425243,0.2,1,-0.719425243,!,2D tributary boundary (Qmult > 0)
38,672883641,0.991543,0.004134,0.004323,2459700,2,-3.896359,0.05,0.835,10,0.25,40,45,252,1,0.023,0.001,0.5,1.00E-09,0.008,0.05,0.05,0.028301222,-9999,1.047018,1.002282314,0.2,1,-1.002282314,!,2D tributary boundary (Qmult > 0)
39,21810910,0.249523,0.015036,0.735441,1122300,2,-0.176669,0.05,0.835,10,0.25,40,45,253,1,0.023,0.001,0.5,1.00E-09,0.008,0.05,0.05,0.137890892,-9999,1.137729,0.201971769,0.2,1,-0.201971769,!,2D compartment
40,9755350,0.26981,0.012934,0.717256,5295600,2,-0.191662,0.05,0.835,10,0.25,40,36,266,1,0.023,0.001,0.5,1.00E-09,0.008,0.05,0.05,0.254141976,-9999,0.806568,0.260654821,0.2,1,-0.260654821,!,2D compartment
41,79950734,0.190792585,0.064505957,0.744701457,7905600,2,-0.463838,0.05,0.835,10,0.25,40,51,265,1,0.023,0.001,0.5,1.00E-09,0.008,0.05,0.05,0.141269419,-9999,0.192923,1.106042656,0.2,1,-1.106042656,!,2D compartment
42,186198923,0.681726563,0.142895812,0.175377625,13304700,2,-2.234945,0.05,0.835,10,0.25,40,37,266,1,0.023,0.001,0.5,1.00E-09,0.008,0.05,0.05,0.136706816,-9999,0.410422,0.630836665,0.2,1,-0.630836665,!,2D compartment
43,68295693,0.67996364,0.01873345,0.30130291,7528500,2,-2.511859,0.05,0.835,10,0.25,40,35,280,1,0.023,0.001,0.5,1.00E-09,0.008,0.05,0.05,0.229602395,-9999,0.328796,0.271962976,0.2,1,-0.271962976,!,2D compartment
44,27780799,0.131953,0.045388,0.822659,4195800,2,-0.264659,0.05,0.835,10,0.25,40,30,280,1,0.023,0.001,0.5,1.00E-09,0.008,0.05,0.05,0.130871167,-9999,0.35288,0.207203001,0.2,1,-0.207203001,!,2D compartment
45,45710221,0.211751488,0.388595419,0.399653093,4977900,2,-0.342246,0.05,0.835,10,0.25,40,30,280,1,0.023,0.001,0.5,1.00E-09,0.008,0.05,0.05,0.101294036,-9999,0.380553,0.304661645,0.2,1,-0.304661645,!,2D compartment
46,32505115,0.03189,0.652696,0.315414,1091700,2,-0.00385,0.05,0.835,10,0.25,40,25,280,1,0.023,0.001,0.5,1.00E-09,0.008,0.05,0.05,0.037699802,-9999,1.184661,0.476338486,0.2,1,-0.476338486,!,2D compartment
47,24386081,0.015803,0.461379,0.522818,1195200,2,-0.00385,0.05,0.835,10,0.25,40,23,281,1,0.023,0.001,0.5,1.00E-09,0.008,0.05,0.05,0,-9999,3.103261,0.678621271,0.2,1,-0.678621271,!,2D compartment
48,89852999,0.049581,0.073375,0.877044,3670200,2,-1,0.05,0.835,10,0.25,40,23,281,1,0.023,0.001,0.5,1.00E-09,0.008,0.05,0.05,0.005254417,-9999,2.050907,1.308468971,0.2,1,-1.308468971,!,2D compartment
49,36898398,0.035618,0.00766,0.956722,2767500,2,-0.475649,0.05,0.835,10,0.25,40,25,280,1,0.023,0.001,0.5,1.00E-09,0.008,0.05,0.05,0.035936037,-9999,0.586796,0.341016604,0.2,1,-0.341016604,!,2D compartment
50,51821048,0.258088,0.003595,0.738317,6690600,2,-1.231398,0.05,0.835,10,0.25,40,26,280,1,0.023,0.001,0.5,1.00E-09,0.008,0.05,0.05,0.140225835,-9999,0.299774,0.249505029,0.2,1,-0.249505029,!,2D compartment
51,53059707,0.03665,0.329511,0.633839,2489400,2,-0.00385,0.05,0.835,10,0.25,40,23,281,1,0.023,0.001,0.5,1.00E-09,0.008,0.05,0.05,0.004614664,-9999,2.760582,1.535113773,0.2,1,-1.535113773,!,2D compartment
52,54900145,0.011181,0.613,0.375939,710100,2,-0.00385,0.05,0.835,10,0.25,40,25,295,1,0.023,0.001,0.5,1.00E-09,0.008,0.05,0.05,0.004069846,-9999,2.671488,0.771332095,0.2,1,-0.771332095,!,2D compartment
53,122845376,0.02707,0.515645,0.457285,4123800,2,-0.325847,0.05,0.835,10,0.25,40,21,294,1,0.023,0.001,0.5,1.00E-09,0.008,0.05,0.05,0.005200943,-9999,1.518342,0.538813823,0.2,1,-0.538813823,!,2D compartment
54,39290846,0.082143,0.0715,0.846386,4168800,2,-0.040806,0.05,0.835,10,0.25,40,21,294,1,0.023,0.001,0.5,1.00E-09,0.008,0.05,0.05,0.00023803,-9999,0.426901,0.514168987,0.2,1,-0.514168987,!,2D compartment
55,82921002,0.388020155,0.005092955,0.606886891,16500600,2,-3.29046,0.05,0.835,10,0.25,40,46,265,1,0.023,0.001,0.5,1.00E-09,0.008,0.05,0.05,0.303602768,-9999,0.361115,0.515255104,0.2,1,-0.515255104,!,2D compartment
56,360683178,0.988081,1.50E-05,0.011904,2028600,2,-2.675714,0.05,0.835,10,0.25,40,46,279,1,0.023,0.001,0.5,1.00E-09,0.008,0.05,0.05,0.043202333,-9999,0.530613,0.603641052,0.2,1,-0.603641052,!,2D compartment
57,376042262,0.882823,3.80E-05,0.117138,12033000,2,-3.084376,0.05,0.835,10,0.25,40,31,279,1,0.023,0.001,0.5,1.00E-09,0.008,0.05,0.05,0.074749194,-9999,0.46498,0.261480951,0.2,1,-0.261480951,!,2D compartment
58,32786454,0.355681849,0.000768745,0.643549406,7591500,2,-1.733196,0.05,0.835,10,0.25,40,53,278,1,0.023,0.001,0.5,1.00E-09,0.008,0.05,0.05,0.271560543,-9999,0.306591,0.22831775,0.2,1,-0.22831775,!,2D compartment
59,196197474,0.31459267,2.75E-05,0.685379806,40719600,2,-0.252433,0.05,0.835,10,0.25,40,32,293,1,0.023,0.001,0.5,1.00E-09,0.008,0.05,0.05,0.286760841,-9999,0.331487,0.186345864,0.2,1,-0.186345864,!,2D compartment
60,45188402,0.394825,0,0.605175,8193600,2,-0.541573,0.05,0.835,10,0.25,40,32,293,1,0.023,0.001,0.5,1.00E-09,0.008,0.05,0.05,0.349781477,-9999,0.355353,0.173133797,0.2,1,-0.173133797,!,2D compartment
61,13253709,0.197146,0.000136,0.802718,1705500,2,-0.391791,0.05,0.835,10,0.25,40,32,293,1,0.023,0.001,0.5,1.00E-09,0.008,0.05,0.05,0.30427614,-9999,0.246062,0.119032504,0.2,1,-0.119032504,!,2D compartment
62,15059235,0.390923,0,0.609077,2070000,2,-0.674836,0.05,0.835,10,0.25,40,32,293,1,0.023,0.001,0.5,1.00E-09,0.008,0.05,0.05,0.511988775,-9999,0.285223,0.142136105,0.2,1,-0.142136105,!,2D compartment
63,41778898,0.645342,0,0.354658,5106600,2,-0.81021,0.05,0.835,10,0.25,40,32,293,1,0.023,0.001,0.5,1.00E-09,0.008,0.05,0.05,0.53526433,-9999,0.264398,0.142460599,0.2,1,-0.142460599,!,2D compartment
64,50433905,0.536261,0,0.463739,8876700,2,-0.634604,0.05,0.835,10,0.25,40,28,305,1,0.023,0.001,0.5,1.00E-09,0.008,0.05,0.05,0.564307264,-9999,0.281473,0.162223174,0.2,1,-0.162223174,!,2D compartment
65,175369087,0.495348,0.000395,0.504257,20707200,2,-1.981009,0.05,0.835,10,0.25,40,39,292,1,0.023,0.001,0.5,1.00E-09,0.008,0.05,0.05,0.418863008,-9999,0.34856,0.213436033,0.2,1,-0.213436033,!,2D compartment
66,196844807,0.822981,5.00E-06,0.177015,12625200,2,-1.162503,0.05,0.835,10,0.25,40,28,305,1,0.023,0.001,0.5,1.00E-09,0.008,0.05,0.05,0.330628638,-9999,0.437926,0.234672088,0.2,1,-0.234672088,!,2D compartment
67,323636140,0.881338,0,0.119,16511400,2,-1.272128,0.05,0.835,10,0.25,40,22,306,1,0.023,0.001,0.5,1.00E-09,0.008,0.05,0.05,0.260342079,-9999,0.454624,0.223150036,0.2,1,-0.223150036,!,2D compartment
68,836722761,0.982918,0.002702,0.01438,4230900,2,-3.261984,0,0.835,10,0.25,40,17,307,1,0.023,0.001,0.5,0,0,0.05,0.05,0.003389945,-9999,0.70022,1.005201083,0.2,0,-1.005201083,!,2D compartment
69,139253370,0.333813,0.360735,0.305452,6673500,2,-1.475251,0.05,0.835,10,0.25,40,11,308,1,0.023,0.001,0.5,1.00E-09,0.008,0.05,0.05,0,-9999,1.37373,0.514168987,0.2,1,-0.514168987,!,2D tributary boundary (Qmult > 0)
70,166432286,0.99179,7.00E-05,0.008139,690300,2,-1.994126,0.05,0.835,10,0.25,40,16,317,1,0.023,0.001,0.5,1.00E-09,0.008,0.05,0.05,0.024571349,-9999,0.530781,0.253660797,0.2,1,-0.253660797,!,2D compartment
71,197327267,1,0,0,0,2,-4.171075,0,0.835,10,0.25,40,16,318,1,0.023,0.001,0.5,0,0,0.05,0.05,0,-9999,0.466309089,0.514168987,0.2,0,-0.514168987,!,2D compartment
72,249075480,1,0,0,0,2,-8.143663,0,0.835,10,0.25,40,9,328,1,0.023,0.001,0.5,0,0,0.05,0.05,0,-9999,0.466309089,0.514168987,0.2,0,-0.514168987,!,2D compartment
73,158567981,0.999637,0,0.000363,49500,2,-1.89051,0.05,0.835,10,0.25,40,16,317,1,0.023,0.001,0.5,1.00E-09,0.008,0.05,0.05,0.009779237,-9999,0.513968,0.270466533,0.2,1,-0.270466533,!,2D compartment
74,280129298,1,0,0,0,2,-3.740101,0,0.835,10,0.25,40,16,317,1,0.023,0.001,0.5,0,0,0.05,0.05,0,-9999,0.466309089,0.514168987,0.2,0,-0.514168987,!,2D compartment
75,445222841,0.976527,0.003313,0.02016,4129200,2,-3.707698,0,0.835,10,0.25,40,12,326,1,0.023,0.001,0.5,0,0,0.05,0.05,0.017559319,-9999,0.173573,0.85964876,0.2,0,-0.85964876,!,2D compartment
76,152881845,0.997669,6.00E-06,0.002325,167400,2,-2.012566,0,0.835,10,0.25,40,24,305,1,0.023,0.001,0.5,0,0,0.05,0.05,0.006181364,-9999,0.524879,0.267048441,0.2,0,-0.267048441,!,2D compartment
77,245208234,1,0,0,0,2,-3.423744,0,0.835,10,0.25,40,24,316,1,0.023,0.001,0.5,0,0,0.05,0.05,0,-9999,0.466309089,0.514168987,0.2,0,-0.514168987,!,2D compartment
78,262126587,0.997961,0.000385,0.001655,237600,2,-3.779768,0,0.835,10,0.25,40,19,325,1,0.023,0.001,0.5,0,0,0.05,0.05,0.000987754,-9999,0.192923,0.926917019,0.2,0,-0.926917019,!,2D compartment
79,196054125,0.997861,1.40E-05,0.002125,203400,2,-2.316453,0.05,0.835,10,0.25,40,39,304,1,0.023,0.001,0.5,1.00E-09,0.008,0.05,0.05,0.015612584,-9999,0.066992,0.86988319,0.2,1,-0.86988319,!,2D compartment
80,20424940,0.489427,0.046123,0.464449,2021400,2,-0.63642,0.05,0.835,10,0.25,40,66,251,1,0.023,0.001,0.5,1.00E-09,0.008,0.05,0.05,0.354727317,-9999,1.168236,1.308999853,0.2,1,-1.308999853,!,2D compartment
81,58117048,0.214456,0.018771,0.766773,9813600,2,-0.5,0.05,0.835,10,0.25,40,66,265,1,0.023,0.001,0.5,1.00E-09,0.008,0.05,0.05,0.208431243,-9999,0.445593,0.442082231,0.2,1,-0.442082231,!,2D compartment
82,39658138,0.029865,0.032724,0.937411,2542500,2,-0.5,0.05,0.835,10,0.25,40,66,264,1,0.023,0.001,0.5,1.00E-09,0.008,0.05,0.05,0.046978415,-9999,0.519315,0.587488567,0.2,1,-0.587488567,!,2D compartment
83,20965317,0.04482,0.040871,0.914309,1350000,2,-0.114989,0.05,0.835,10,0.25,40,53,278,1,0.023,0.001,0.5,1.00E-09,0.008,0.05,0.05,0.075897927,-9999,0.668885,0.577263168,0.2,1,-0.577263168,!,2D compartment
84,2126009,0.016074,0.287225,0.696701,51300,2,-0.148057,0.05,0.835,10,0.25,40,64,278,1,0.023,0.001,0.5,1.00E-09,0.008,0.05,0.05,0.010360623,-9999,0.558506,0.389555094,0.2,1,-0.389555094,!,2D compartment
85,21465312,0.137622,0.0855,0.776879,2362500,2,-0.18295,0.05,0.835,10,0.25,40,53,278,1,0.023,0.001,0.5,1.00E-09,0.008,0.05,0.05,0.145179736,-9999,0.564875,0.571720969,0.2,1,-0.571720969,!,2D compartment
86,43182915,0.004481,0.847451,0.148068,578700,2,-2.077246,0.05,0.835,10,0.25,40,66,251,1,0.023,0.001,0.5,1.00E-09,0.008,0.05,0.05,0.013857079,-9999,0.192923,0.99103507,0.2,1,-0.99103507,!,2D compartment
87,37758117,0.013035,0.374821,0.612144,667800,2,-2.054201,0.05,0.835,10,0.25,40,66,264,1,0.023,0.001,0.5,1.00E-09,0.008,0.05,0.05,0.00087145,-9999,0.291374,0.828635762,0.2,1,-0.828635762,!,2D compartment
88,1469217,0.076074,0.841104,0.082822,190800,2,-1.660875,0.05,0.835,10,0.25,40,70,264,1,0.023,0.001,0.5,1.00E-09,0.008,0.05,0.05,0.008210384,-9999,0.192923,0.666287632,0.2,1,-0.666287632,!,2D compartment
89,12018671,0.001647,0.340696,0.657656,193500,2,-0.00385,0.05,0.835,10,0.25,40,96,264,1,0.023,0.001,0.5,1.00E-09,0.008,0.05,0.05,0,-9999,0.192923,0.534008348,0.2,1,-0.534008348,!,2D compartment
90,22023722,0.000531,0.201888,0.797581,268200,2,-1.033336,0.05,0.835,10,0.25,40,128,250,1,0.023,0.001,0.5,1.00E-09,0.008,0.05,0.05,0.018955759,-9999,0.192923,0.636473702,0.2,1,-0.636473702,!,2D compartment
91,6523764,0,0.536955,0.463045,23400,2,-0.307077,0.05,0.835,10,0.25,40,172,250,1,0.023,0.001,0.5,1.00E-09,0.008,0.05,0.05,0.039399628,-9999,0.059446,0.66783307,0.2,1,-0.66783307,!,2D compartment
92,15858731,0.227159,0.004994,0.767847,4000500,2,-0.197159,0.05,0.835,10,0.25,40,173,250,1,0.023,0.001,0.5,1.00E-09,0.008,0.05,0.05,0.172522189,-9999,0.262649,0.256279265,0.2,1,-0.256279265,!,FWOA diversion outfall - Mid-Breton
93,12542898,0.271918,0.002224,0.725857,2231100,2,-0.234445,0.05,0.835,10,0.25,40,152,264,1,0.023,0.001,0.5,1.00E-09,0.008,0.05,0.05,0.728684322,-9999,0.318504,0.277632583,0.2,1,-0.277632583,!,FWOA diversion outfall - Mid-Breton
94,4097476,0.261565,0.00285,0.735584,1008000,2,-0.173045,0.05,0.835,10,0.25,40,134,264,1,0.023,0.001,0.5,1.00E-09,0.008,0.05,0.05,0.345691607,-9999,0.293308,0.211352119,0.2,1,-0.211352119,!,2D compartment
95,28355784,0.214676,0.015488,0.769836,5133600,2,-0.472316,0.05,0.835,10,0.25,40,95,264,1,0.023,0.001,0.5,1.00E-09,0.008,0.05,0.05,0.162992385,-9999,0.239808,0.30430932,0.2,1,-0.30430932,!,2D tributary boundary (Qmult > 0)
96,8657158,0.292931,0.00052,0.706549,2164500,2,-0.214477,0.05,0.835,10,0.25,40,134,264,1,0.023,0.001,0.5,1.00E-09,0.008,0.05,0.05,0.314267881,-9999,0.248608,0.2527667,0.2,1,-0.2527667,!,2D compartment
97,14216522,0.254813,0.001836,0.743351,2670300,2,-0.5,0.05,0.835,10,0.25,40,89,264,1,0.023,0.001,0.5,1.00E-09,0.008,0.05,0.05,0.190322273,-9999,0.25439,0.19109069,0.2,1,-0.19109069,!,2D compartment
98,24929111,0.266953,0.009275,0.723772,3717000,2,-0.194798,0.05,0.835,10,0.25,40,89,264,1,0.023,0.001,0.5,1.00E-09,0.008,0.05,0.05,0.11131878,-9999,0.312184,0.266222015,0.2,1,-0.266222015,!,2D compartment
99,9901744,0.170761,0.009825,0.819414,2006100,2,-0.220808,0.05,0.835,10,0.25,40,72,264,1,0.023,0.001,0.5,1.00E-09,0.008,0.05,0.05,0.183082422,-9999,0.283428,0.25747693,0.2,1,-0.25747693,!,2D compartment
100,38848532,0.507752,0.026512,0.465737,5598000,2,-0.235873,0.05,0.835,10,0.25,40,64,264,1,0.023,0.001,0.5,1.00E-09,0.008,0.05,0.05,0.156217478,-9999,0.320746,0.337881845,0.2,1,-0.337881845,!,2D compartment
101,22435927,0.953097,0.000281,0.046622,582300,2,-1.500244,0.05,0.835,10,0.25,40,89,264,1,0.023,0.001,0.5,1.00E-09,0.008,0.05,0.05,0.113744217,-9999,0.17364,0.300743226,0.2,1,-0.300743226,!,2D compartment
102,19496493,0.522897,0.000785,0.476318,4284000,2,-0.178838,0.05,0.835,10,0.25,40,118,264,1,0.023,0.001,0.5,1.00E-09,0.008,0.05,0.05,0.275635501,-9999,0.239874,0.205585598,0.2,1,-0.205585598,!,2D compartment
103,7185605,0.423453,0.000501,0.576046,1793700,2,-0.191491,0.05,0.835,10,0.25,40,118,264,1,0.023,0.001,0.5,1.00E-09,0.008,0.05,0.05,0.285182469,-9999,0.256731,0.229116658,0.2,1,-0.229116658,!,2D compartment
104,23376861,0.401278,0.000693,0.598029,4737600,2,-0.1858,0.05,0.835,10,0.25,40,134,264,1,0.023,0.001,0.5,1.00E-09,0.008,0.05,0.05,0.206552218,-9999,0.334558,0.261883524,0.2,1,-0.261883524,!,2D compartment
105,37398853,0.314953,0.021,0.664083,7754400,2,-0.228391,0.05,0.835,10,0.25,40,171,263,1,0.023,0.001,0.5,1.00E-09,0.008,0.05,0.05,0.139997395,-9999,0.339029,0.299611827,0.2,1,-0.299611827,!,2D compartment
106,5691130,0.530761,0.000316,0.468923,1327500,2,-0.365424,0.05,0.835,10,0.25,40,166,263,1,0.023,0.001,0.5,1.00E-09,0.008,0.05,0.05,0.197524482,-9999,0.438921,0.298670246,0.2,1,-0.298670246,!,2D compartment
107,12129548,0.523651,0.000222,0.476127,3660300,2,-0.188679,0.05,0.835,10,0.25,40,166,263,1,0.023,0.001,0.5,1.00E-09,0.008,0.05,0.05,0.162491419,-9999,0.320835,0.251690678,0.2,1,-0.251690678,!,2D compartment
108,32964739,0.593701,0.001501,0.404798,8299800,2,-0.5,0.05,0.835,10,0.25,40,107,263,1,0.023,0.001,0.5,1.00E-09,0.008,0.05,0.05,0.189593788,-9999,0.272809,0.245366642,0.2,1,-0.245366642,!,2D compartment
109,42820880,0.594679,0.003194,0.402127,9540000,2,-0.336935,0.05,0.835,10,0.25,40,107,264,1,0.023,0.001,0.5,1.00E-09,0.008,0.05,0.05,0.222441268,-9999,0.253455,0.284001488,0.2,1,-0.284001488,!,2D compartment
110,39908302,0.595029,0.000293,0.404678,9480600,2,-0.5,0.05,0.835,10,0.25,40,71,278,1,0.023,0.001,0.5,1.00E-09,0.008,0.05,0.05,0.250775823,-9999,0.255407,0.212179214,0.2,1,-0.212179214,!,2D compartment
111,21881077,0.75073,4.10E-05,0.249229,4019400,2,-0.449445,0.05,0.835,10,0.25,40,91,277,1,0.023,0.001,0.5,1.00E-09,0.008,0.05,0.05,0.195920964,-9999,0.285663,0.233568416,0.2,1,-0.233568416,!,2D compartment
112,16263026,0.552739,5.50E-05,0.447205,4176000,2,-0.320549,0.05,0.835,10,0.25,40,91,277,1,0.023,0.001,0.5,1.00E-09,0.008,0.05,0.05,0.242942342,-9999,0.384517,0.251510412,0.2,1,-0.251510412,!,2D compartment
113,25029325,0.881708,0.000288,0.118004,2677500,2,-0.744384,0.05,0.835,10,0.25,40,116,277,1,0.023,0.001,0.5,1.00E-09,0.008,0.05,0.05,0.200482723,-9999,0.200744,0.242435197,0.2,1,-0.242435197,!,2D compartment
114,17430261,0.774792,0.000103,0.225105,2756700,2,-0.658111,0.05,0.835,10,0.25,40,107,263,1,0.023,0.001,0.5,1.00E-09,0.008,0.05,0.05,0.220966684,-9999,0.237514,0.18709895,0.2,1,-0.18709895,!,2D compartment
115,49112844,0.724702,0.000147,0.275151,10555200,2,-0.379656,0.05,0.835,10,0.25,40,116,277,1,0.023,0.001,0.5,1.00E-09,0.008,0.05,0.05,0.215837059,-9999,0.233574,0.222515418,0.2,1,-0.222515418,!,2D compartment
116,18207081,0.539747,0.000148,0.460105,3809700,2,-0.411454,0.05,0.835,10,0.25,40,185,263,1,0.023,0.001,0.5,1.00E-09,0.008,0.05,0.05,0.183922488,-9999,0.357971,0.244455867,0.2,1,-0.244455867,!,2D compartment
117,16059474,0.60565,0.000785,0.393566,4031100,2,-0.5,0.05,0.835,10,0.25,40,155,263,1,0.023,0.001,0.5,1.00E-09,0.008,0.05,0.05,0.210145672,-9999,0.282452,0.234500833,0.2,1,-0.234500833,!,2D compartment
118,80393912,0.43557,0.000123,0.564307,15164100,2,-0.487405,0.05,0.835,10,0.25,40,138,277,1,0.023,0.001,0.5,1.00E-09,0.008,0.05,0.05,0.222869397,-9999,0.472233,0.254571397,0.2,1,-0.254571397,!,2D compartment
119,6167181,0.17465,0.0901,0.735251,1505700,2,-0.085254,0.05,0.835,10,0.25,40,185,263,1,0.023,0.001,0.5,1.00E-09,0.008,0.05,0.05,0.141340258,-9999,0.423393,0.322404326,0.2,1,-0.322404326,!,2D compartment
120,5376750,0.176225,0.159171,0.664605,1179900,2,-0.088259,0.05,0.835,10,0.25,40,165,263,1,0.023,0.001,0.5,1.00E-09,0.008,0.05,0.05,0.101678249,-9999,0.399199,0.356240276,0.2,1,-0.356240276,!,2D compartment
121,17717893,0.032812,0.564,0.402783,509400,2,-0.00385,0.05,0.835,10,0.25,40,178,263,1,0.023,0.001,0.5,1.00E-09,0.008,0.05,0.05,0.005711254,-9999,0.135761,0.307563758,0.2,1,-0.307563758,!,2D compartment
122,29456786,0.479293,0.002688,0.51802,7910100,2,-0.186288,0.05,0.835,10,0.25,40,64,278,1,0.023,0.001,0.5,1.00E-09,0.008,0.05,0.05,0.210599641,-9999,0.31672,0.22151936,0.2,1,-0.22151936,!,2D compartment
123,30636778,0.527162,0.005053,0.467785,7920900,2,-0.178432,0.05,0.835,10,0.25,40,81,278,1,0.023,0.001,0.5,1.00E-09,0.008,0.05,0.05,0.243363515,-9999,0.330591,0.268056367,0.2,1,-0.268056367,!,2D compartment
124,115237280,0.513881,0.000586,0.485534,18270000,2,-0.59408,0.05,0.835,10,0.25,40,57,278,1,0.023,0.001,0.5,1.00E-09,0.008,0.05,0.05,0.298157623,-9999,0.33763,0.217192017,0.2,1,-0.217192017,!,2D compartment
125,91258680,0.56295,1.00E-05,0.43704,15713100,2,-0.686854,0.05,0.835,10,0.25,40,67,277,1,0.023,0.001,0.5,1.00E-09,0.008,0.05,0.05,0.293389353,-9999,0.421728,0.215283594,0.2,1,-0.215283594,!,2D compartment
126,16106988,0.751272,0,0.248728,2508300,2,-0.700613,0.05,0.835,10,0.25,40,93,277,1,0.023,0.001,0.5,1.00E-09,0.008,0.05,0.05,0.339871822,-9999,0.454573,0.265696344,0.2,1,-0.265696344,!,2D compartment
127,61819415,0.946187,2.90E-05,0.053784,1743300,2,-1.101841,0.05,0.835,10,0.25,40,111,277,1,0.023,0.001,0.5,1.00E-09,0.008,0.05,0.05,0.220936503,-9999,0.410703,0.238407467,0.2,1,-0.238407467,!,2D compartment
128,23318215,0.386296,0.00027,0.613434,3430800,2,-0.63431,0.05,0.835,10,0.25,40,122,277,1,0.023,0.001,0.5,1.00E-09,0.008,0.05,0.05,0.19547413,-9999,0.545489,0.273455577,0.2,1,-0.273455577,!,1D lateral connection
129,6014430,0.148054,0.011976,0.83997,980100,2,-0.411026,0.05,0.835,10,0.25,40,162,276,1,0.023,0.001,0.5,1.00E-09,0.008,0.05,0.05,0.190414444,-9999,1.016744,0.493395053,0.2,1,-0.493395053,!,1D lateral connection
130,27852553,0.190495,0.002068,0.807438,3390300,2,-0.486239,0.05,0.835,10,0.25,40,139,276,1,0.023,0.001,0.5,1.00E-09,0.008,0.05,0.05,0.143058904,-9999,0.730861,0.430595399,0.2,1,-0.430595399,!,2D compartment
131,30534221,0.404226,0.001032,0.594742,3841200,2,-0.769393,0.05,0.835,10,0.25,40,109,290,1,0.023,0.001,0.5,1.00E-09,0.008,0.05,0.05,0.299472188,-9999,0.548659,0.299166037,0.2,1,-0.299166037,!,2D compartment
132,9374008,0.027822,0.066,0.906225,792900,2,-1,0.05,0.835,10,0.25,40,135,290,1,0.023,0.001,0.5,1.00E-09,0.008,0.05,0.05,0.078540962,-9999,0.58063,0.433504895,0.2,1,-0.433504895,!,2D compartment
133,50224952,0.629946,0.00032,0.369733,4896900,2,-1.045456,0.05,0.835,10,0.25,40,135,290,1,0.023,0.001,0.5,1.00E-09,0.008,0.05,0.05,0.268607349,-9999,0.432798,0.308409434,0.2,1,-0.308409434,!,2D compartment
134,27123230,0.357278,0.004048,0.638674,5212800,2,-0.77992,0.05,0.835,10,0.25,40,110,290,1,0.023,0.001,0.5,1.00E-09,0.008,0.05,0.05,0.379554995,-9999,0.442686,0.364951945,0.2,1,-0.364951945,!,1D lateral connection
135,22941994,0.671832,0.002197,0.326,4058100,2,-0.937122,0.05,0.835,10,0.25,40,85,290,1,0.023,0.001,0.5,1.00E-09,0.008,0.05,0.05,0.401332989,-9999,0.457262,0.551806613,0.2,1,-0.551806613,!,1D lateral connection
136,69962475,0.722899,0.000386,0.276715,9145800,2,-1.060372,0.05,0.835,10,0.25,40,77,303,1,0.023,0.001,0.5,1.00E-09,0.008,0.05,0.05,0.283180445,-9999,0.389015,0.556066638,0.2,1,-0.556066638,!,1D lateral connection
137,232683888,0.695691,0.001203,0.303106,22022100,2,-0.974235,0.05,0.835,10,0.25,40,55,291,1,0.023,0.001,0.5,1.00E-09,0.008,0.05,0.05,0.322784755,-9999,0.548282,0.448641067,0.2,1,-0.448641067,!,2D compartment
138,130236599,0.999357,7.00E-06,0.000636,77400,2,-2.179384,0.05,0.835,10,0.25,40,52,291,1,0.023,0.001,0.5,1.00E-09,0.008,0.05,0.05,0.007178529,-9999,0.057374,1.60301951,0.2,1,-1.60301951,!,2D compartment
139,213384224,0.998507,8.00E-06,0.001485,288900,2,-1.489679,0.05,0.835,10,0.25,40,68,291,1,0.023,0.001,0.5,1.00E-09,0.008,0.05,0.05,0.022660819,-9999,0.394727,0.365972575,0.2,1,-0.365972575,!,2D compartment
140,108935659,0.960824,0,0.039176,2370600,2,-1.218275,0.05,0.835,10,0.25,40,94,290,1,0.023,0.001,0.5,1.00E-09,0.008,0.05,0.05,0.120149489,-9999,0.389519,0.217920149,0.2,1,-0.217920149,!,2D compartment
141,168742787,0.999973,0,2.70E-05,1800,2,-2.273353,0.05,0.835,10,0.25,40,84,290,1,0.023,0.001,0.5,1.00E-09,0.008,0.05,0.05,0.015596502,-9999,0.192923,0.008184075,0.2,1,-0.008184075,!,2D compartment
142,106217839,0.998602,0,0.001398,99900,2,-4.676433,0.05,0.835,10,0.25,40,69,303,1,0.023,0.001,0.5,1.00E-09,0.008,0.05,0.05,0.011368087,-9999,0.192923,4.180810975,0.2,1,-4.180810975,!,2D compartment
143,334704740,1,0,0,0,2,-3.562806,0,0.835,10,0.25,40,44,304,1,0.023,0.001,0.5,0,0,0.05,0.05,6.73E-05,-9999,0.466309089,0.514168987,0.2,0,-0.514168987,!,2D compartment
144,340475371,0.995136,0.000841,0.004023,548100,2,-4.826648,0,0.835,10,0.25,40,40,315,1,0.023,0.001,0.5,0,0,0.05,0.05,0.003058353,-9999,0.339155,0.678430808,0.2,0,-0.678430808,!,2D compartment
145,462000556,0.98403,0.004734,0.011236,1971900,2,-4.115278,0,0.835,10,0.25,40,7,329,1,0.023,0.001,0.5,0,0,0.05,0.05,0,-9999,0.782145,0.514168987,0.2,0,-0.514168987,!,2D compartment
146,285606482,0.999398,2.20E-05,0.00058,155700,2,-10.756948,0,0.835,10,0.25,40,8,337,1,0.023,0.001,0.5,0,0,0.05,0.05,0,-9999,0.686794,0.514168987,0.2,0,-0.514168987,!,2D compartment
147,215543328,1,0,0,0,2,-12.006655,0.05,0.835,10,0.25,40,8,336,1,0.023,0.001,0.5,1.00E-09,0.008,0.05,0.05,0,-9999,0.466309089,0.514168987,0.2,1,-0.514168987,!,2D compartment
148,232985124,1,0,0,0,2,-9.261513,0.05,0.835,10,0.25,40,15,325,1,0.023,0.001,0.5,1.00E-09,0.008,0.05,0.05,0,-9999,0.466309089,0.514168987,0.2,1,-0.514168987,!,2D compartment
149,185643845,1,0,0,0,2,-8.123112,0.05,0.835,10,0.25,40,27,325,1,0.023,0.001,0.5,1.00E-09,0.008,0.05,0.05,0,-9999,0.466309089,0.514168987,0.2,1,-0.514168987,!,2D compartment
150,173787391,0.999959,0,4.10E-05,0,2,-5.672138,0.05,0.835,10,0.25,40,50,314,1,0.023,0.001,0.5,1.00E-09,0.008,0.05,0.05,0,-9999,0.192923,0.514168987,0.2,1,-0.514168987,!,2D compartment
151,61686248,0.996601,2.90E-05,0.00337,98100,2,-7.235587,0.05,0.835,10,0.25,40,65,303,1,0.023,0.001,0.5,1.00E-09,0.008,0.05,0.05,0.017673477,-9999,0.192923,1.331981906,0.2,1,-1.331981906,!,2D compartment
152,670018,0.685452,0.007864,0.306684,200700,2,-7.86,0.05,0.835,10,0.25,40,215,211,1,0.023,0.001,0.5,1.00E-09,0.008,0.05,0.05,0.257843618,-9999,0.192923,2.438183542,0.2,1,-2.438183542,!,2D compartment
153,1689233,0.903672,0.001064,0.095263,174600,2,-1.700426,0.05,0.835,10,0.25,40,97,225,1,0.023,0.001,0.5,1.00E-09,0.008,0.05,0.05,0.264555813,-9999,0.192923,1.093600357,0.2,1,-1.093600357,!,channel or bayou modeled in 2D
154,827354,0.700294,0.002938,0.296768,239400,2,-0.361095,0.05,0.835,10,0.25,40,97,225,1,0.023,0.001,0.5,1.00E-09,0.008,0.05,0.05,0.079300961,-9999,0.192923,0.341537674,0.2,1,-0.341537674,!,channel or bayou modeled in 2D
155,971125,0.356268,0.01131,0.632422,452700,2,-2.48,0.05,0.835,10,0.25,40,56,239,1,0.023,0.001,0.5,1.00E-09,0.008,0.05,0.05,0.039906616,-9999,0.145805,2.375086164,0.2,1,-2.375086164,!,channel or bayou modeled in 2D
156,1002307,0.672614,0.053524,0.273863,179100,2,-4.83,0.05,0.835,10,0.25,40,48,239,1,0.023,0.001,0.5,1.00E-09,0.008,0.05,0.05,0.226233533,-9999,0.132597,2.748734198,0.2,1,-2.748734198,!,2D compartment
157,1417469,0.672392,0.015267,0.312341,284400,2,-0.168983,0.05,0.835,10,0.25,40,23,281,1,0.023,0.001,0.5,1.00E-09,0.008,0.05,0.05,0,-9999,1.820116,1.594147392,0.2,1,-1.594147392,!,channel or bayou modeled in 2D
158,525325,0.77551,0,0.22449,109800,2,-0.413629,0.05,0.835,10,0.25,40,25,280,1,0.023,0.001,0.5,1.00E-09,0.008,0.05,0.05,0.065184088,-9999,0.800665,0.768646701,0.2,1,-0.768646701,!,channel or bayou modeled in 2D
159,1365275,0.74096,0.004602,0.254438,346500,2,-2.074467,0.05,0.835,10,0.25,40,30,280,1,0.023,0.001,0.5,1.00E-09,0.008,0.05,0.05,0.171173095,-9999,0.192923,0.342508389,0.2,1,-0.342508389,!,channel or bayou modeled in 2D
160,1454562,1,0,0,595800,2,-1,0.05,0.835,10,0.25,40,23,281,1,0.023,0.001,0.5,1.00E-09,0.008,0.05,0.05,0.094160167,-9999,1.088484,1.139625846,0.2,1,-1.139625846,!,channel or bayou modeled in 2D
161,1566922,0.82903,0.001721,0.169248,273600,2,-1.453562,0.05,0.835,10,0.25,40,25,280,1,0.023,0.001,0.5,1.00E-09,0.008,0.05,0.05,0.17548089,-9999,0.327657,0.731541912,0.2,1,-0.731541912,!,channel or bayou modeled in 2D
162,4049660,0.91117,0.002665,0.086165,342900,2,-3.331038,0.05,0.835,10,0.25,40,26,294,1,0.023,0.001,0.5,1.00E-09,0.008,0.05,0.05,0.278192438,-9999,0.192923,1.079116962,0.2,1,-1.079116962,!,channel or bayou modeled in 2D
163,19651044,0.332098,0.020227,0.647675,2869200,2,-5.297706,0.05,0.835,10,0.25,40,46,265,1,0.023,0.001,0.5,1.00E-09,0.008,0.05,0.05,0.372766201,-9999,0.472155,0.897339957,0.2,1,-0.897339957,!,2D compartment
164,243581,0.223881,0.343284,0.432836,100800,2,-0.303333,0.05,0.835,10,0.25,40,66,264,1,0.023,0.001,0.5,1.00E-09,0.008,0.05,0.05,0.005252917,-9999,0.951911,0.82194566,0.2,1,-0.82194566,!,channel or bayou modeled in 2D
165,649674,0.683264,0.004149,0.312586,200700,2,-1.286942,0.05,0.835,10,0.25,40,66,265,1,0.023,0.001,0.5,1.00E-09,0.008,0.05,0.05,0.186800738,-9999,0.192923,0.509587427,0.2,1,-0.509587427,!,channel or bayou modeled in 2D
166,5680432,0.02991453,0.000158278,0.969927192,5295600,2,-0.191662,0.05,0.835,10,0.25,40,36,266,1,0.023,0.001,0.5,1.00E-09,0.008,0.05,0.05,0.126028207,-9999,0.806568,0.208038438,0.2,1,-0.208038438,!,2D compartment
167,1408583,0.32718,0.13049,0.54233,437400,2,-0.5,0.05,0.835,10,0.25,40,53,278,1,0.023,0.001,0.5,1.00E-09,0.008,0.05,0.05,0.220771462,-9999,0.755378,0.692205835,0.2,1,-0.692205835,!,2D compartment
168,19151136,0.262034599,0.037890184,0.700075216,5295600,2,-2,0.05,0.835,10,0.25,40,36,266,1,0.023,0.001,0.5,1.00E-09,0.008,0.05,0.05,0.193979772,-9999,0.806568,0.2175581,0.2,1,-0.2175581,!,2D compartment
